{"count":1,"self":88.3002368,"total":91.2927028,"children":{"InitializeActuators":{"count":1,"self":0.0029906999999999998,"total":0.0029906999999999998,"children":null},"InitializeSensors":{"count":1,"self":0.0059856,"total":0.0059856,"children":null},"AgentSendState":{"count":4193,"self":0.046858899999999995,"total":0.16953769999999999,"children":{"CollectObservations":{"count":839,"self":0.0059952999999999994,"total":0.0059952999999999994,"children":null},"WriteActionMask":{"count":839,"self":0.0050041999999999994,"total":0.0050041999999999994,"children":null},"RequestDecision":{"count":839,"self":0.1116793,"total":0.1116793,"children":null}}},"DecideAction":{"count":4193,"self":2.5730991999999997,"total":2.5730991,"children":null},"AgentAct":{"count":4193,"self":0.23985669999999998,"total":0.23985669999999998,"children":null}},"gauges":{"Drone.CumulativeReward":{"count":5,"max":0.9201147,"min":0.887244463,"runningAverage":0.9033113,"value":0.887244463,"weightedAverage":0.9012337}},"metadata":{"timer_format_version":"0.1.0","start_time_seconds":"1684008121","unity_version":"2021.3.16f1","command_line_arguments":"C:\\Program Files\\Unity\\Hub\\Editor\\2021.3.16f1\\Editor\\Unity.exe -projectpath C:\\Users\\nicol\\Desktop\\Unity Projects\\Reinforcement-Learning-GitHub\\DroneAgent -useHub -hubIPC -cloudEnvironment production -licensingIpc LicenseClient-nicol -hubSessionId 163f2290-f036-11ed-aeb0-15a5c80e6cf4 -accessToken STalw6GmcQEkOT2o3fEfwZjYYZqlrdAf6QWtrnXEIsU008f","communication_protocol_version":"1.5.0","com.unity.ml-agents_version":"2.2.1-exp.1","scene_name":"TrainingScene","end_time_seconds":"1684008212"}}