{"count":1,"self":1130.4138752,"total":3851.9291171,"children":{"InitializeActuators":{"count":17,"self":0.0019944999999999997,"total":0.0019944999999999997,"children":null},"InitializeSensors":{"count":17,"self":0.0029904999999999997,"total":0.0029904999999999997,"children":null},"AgentSendState":{"count":497434,"self":12.944255199999999,"total":55.7466577,"children":{"CollectObservations":{"count":1691279,"self":9.3004984,"total":9.3004984,"children":null},"WriteActionMask":{"count":1691279,"self":2.3123848,"total":2.3123847,"children":null},"RequestDecision":{"count":1691279,"self":7.4886048,"total":31.1895192,"children":{"AgentInfo.ToProto":{"count":1691279,"self":7.5200752,"total":23.700914299999997,"children":{"GenerateSensorData":{"count":1691279,"self":16.1808384,"total":16.180838899999998,"children":null}}}}}}},"DecideAction":{"count":497434,"self":2528.3418112,"total":2528.3417257,"children":null},"AgentAct":{"count":497434,"self":137.1871744,"total":137.36319939999998,"children":{"AgentInfo.ToProto":{"count":7174,"self":0.0479142,"total":0.17601899999999998,"children":{"GenerateSensorData":{"count":7174,"self":0.1281048,"total":0.1281048,"children":null}}}}},"AgentInfo.ToProto":{"count":1321,"self":0.0160123,"total":0.055689999999999996,"children":{"GenerateSensorData":{"count":1321,"self":0.039677699999999996,"total":0.039677699999999996,"children":null}}}},"gauges":{"Drone.CumulativeReward":{"count":8495,"max":5.45342541,"min":0.1560998,"runningAverage":3.50971746,"value":3.20819855,"weightedAverage":3.12175751}},"metadata":{"timer_format_version":"0.1.0","start_time_seconds":"1683965193","unity_version":"2021.3.16f1","command_line_arguments":"C:\\Program Files\\Unity\\Hub\\Editor\\2021.3.16f1\\Editor\\Unity.exe -projectpath C:\\Users\\nicol\\Desktop\\Unity Projects\\Reinforcement-Learning-GitHub\\DroneAgent -useHub -hubIPC -cloudEnvironment production -licensingIpc LicenseClient-nicol -hubSessionId 163f2290-f036-11ed-aeb0-15a5c80e6cf4 -accessToken G6TyelXEY1Lk84_OLlfDEo515Wtu6nXMcBxgEheCB7k008f","communication_protocol_version":"1.5.0","com.unity.ml-agents_version":"2.2.1-exp.1","scene_name":"TrainingScene","end_time_seconds":"1683969045"}}